filename,label
audio_128.wav,3.4279076673587876
audio_156.wav,4.526782740147256
audio_19.wav,4.316281825007335
audio_108.wav,1.9466109316774927
audio_206.wav,2.8554775035333746
audio_161.wav,2.846997991376108
audio_215.wav,2.932088912125584
audio_213.wav,2.233761507737679
audio_11.wav,3.6075816290602045
audio_155.wav,3.4861582002532927
audio_39.wav,3.2528162061655976
audio_168.wav,3.9658083000840225
audio_133.wav,2.3906567385174062
audio_28.wav,2.6413164378234604
audio_40.wav,3.14816915430024
audio_181.wav,2.597419440747289
audio_201.wav,2.9015608535719637
audio_182.wav,3.115558356315878
audio_126.wav,2.6873338502730966
audio_10.wav,2.6257810606146563
audio_134.wav,1.5856645299774215
audio_69.wav,4.371059296693336
audio_112.wav,3.5058500480315065
audio_180.wav,2.778347885466198
audio_177.wav,3.3178293442264044
audio_77.wav,5.0
audio_111.wav,3.154057590516704
audio_18.wav,3.726635065294317
audio_175.wav,4.209577008016906
audio_33.wav,3.7357944713094255
audio_15.wav,2.8650913565671767
audio_4.wav,3.7300368273172886
audio_27.wav,2.932943483014157
audio_96.wav,3.1046790536169384
audio_116.wav,2.763517911568123
audio_1.wav,2.836246494279935
audio_22.wav,4.017793610692408
audio_114.wav,2.5218990338850107
audio_146.wav,3.235512998730038
audio_46.wav,4.95931919165882
audio_144.wav,3.1253180033427674
audio_75.wav,4.091728327648542
audio_200.wav,3.3161115368842515
audio_196.wav,2.0422890553157287
audio_190.wav,3.478432912926192
audio_158.wav,2.133572543294495
audio_17.wav,1.987183678620816
audio_105.wav,3.450754277808216
audio_141.wav,2.9830394757125736
audio_129.wav,4.131073791823496
audio_6.wav,3.7797068808764505
audio_70.wav,5.0
audio_35.wav,3.768299249953223
audio_203.wav,2.871607671903607
audio_90.wav,3.4482148872822553
audio_16.wav,3.4584617719081416
audio_138.wav,3.485516642350853
audio_100.wav,3.2717560474808542
audio_115.wav,2.6330747615382073
audio_118.wav,4.313715863422983
audio_137.wav,4.029234055060024
audio_101.wav,3.1396079572406426
audio_193.wav,2.5498695670183773
audio_102.wav,3.5229300237675716
audio_52.wav,3.0635279552587664
audio_172.wav,2.8422366618495096
audio_191.wav,3.091508735747095
audio_194.wav,3.2244672833428507
audio_67.wav,2.9534305486405197
audio_160.wav,2.988142478897274
audio_179.wav,1.8510273957693686
audio_55.wav,2.9477540230930703
audio_145.wav,3.6419897616992047
audio_197.wav,2.4761477738639552
audio_139.wav,3.1563190198157187
audio_91.wav,4.167175114601417
audio_8.wav,2.2633124827230464
audio_136.wav,3.445917964124025
audio_199.wav,2.3821483476775427
audio_110.wav,4.364537287794694
audio_208.wav,2.918703566800417
audio_152.wav,4.34576272966023
audio_94.wav,3.1569006214269115
audio_174.wav,3.62312082624208
audio_23.wav,3.9750520492990855
audio_56.wav,2.858697277434325
audio_97.wav,2.520446738468888
audio_148.wav,3.4627450110440665
audio_59.wav,3.2684555694680033
audio_5.wav,2.8382575330045072
audio_119.wav,3.880336941558852
audio_80.wav,3.343533350850552
audio_58.wav,3.0980694476738813
audio_123.wav,2.884416652713724
audio_188.wav,2.622708321372686
audio_121.wav,2.357472730769269
audio_107.wav,2.9068881237568585
audio_214.wav,3.0070821315816723
audio_73.wav,4.9783067974307444
audio_169.wav,3.733623278866985
audio_7.wav,3.0255829094420483
audio_42.wav,3.115234127126536
audio_88.wav,4.323777884813405
audio_64.wav,2.0695184343744852
audio_195.wav,2.8582631224463637
audio_57.wav,2.965876549020378
audio_13.wav,3.4635653318656785
audio_125.wav,3.956640091791586
audio_209.wav,2.8722004911669976
audio_211.wav,3.349264886264729
audio_63.wav,2.666612756310908
audio_86.wav,4.874935762020344
audio_78.wav,5.0
audio_38.wav,3.2236597812325103
audio_186.wav,2.6726473605077703
audio_154.wav,3.6895689149032846
audio_21.wav,2.4047554698165463
audio_120.wav,2.7735651445138867
audio_183.wav,2.706831094198156
audio_25.wav,3.1480132807861994
audio_122.wav,2.5295564527443712
audio_36.wav,4.077288088985681
audio_76.wav,4.765401990707814
audio_163.wav,2.0442720222680397
audio_83.wav,5.0
audio_103.wav,2.72264313097355
audio_93.wav,4.445384207616901
audio_26.wav,3.4986289009980047
audio_72.wav,4.990968739182566
audio_210.wav,2.7349071980749113
audio_104.wav,2.3991765077918052
audio_81.wav,3.938034175131701
audio_166.wav,3.2481717553904836
audio_202.wav,2.825960801109297
audio_185.wav,3.2757125732625565
audio_9.wav,2.0140735733718946
audio_207.wav,2.494554536638012
audio_127.wav,3.018901471484831
audio_12.wav,2.9426841387682194
audio_132.wav,2.719171796753001
audio_109.wav,2.712610331077314
audio_32.wav,3.5713409891250145
audio_178.wav,3.3752207132756875
audio_61.wav,2.696588197012178
audio_34.wav,3.406833179885413
audio_106.wav,1.5273669042457527
audio_49.wav,4.701912288029635
audio_149.wav,3.4474833714962356
audio_30.wav,3.92395004029029
audio_131.wav,3.187712155469171
audio_162.wav,2.1680917784130633
audio_204.wav,3.8377983632452257
audio_198.wav,3.5231533001000934
audio_135.wav,3.929060771316018
audio_187.wav,2.861956183934533
audio_3.wav,3.216325746852338
audio_98.wav,3.8787829436552173
audio_159.wav,3.3203397944462973
audio_167.wav,2.772799371682889
audio_205.wav,3.066727508559192
audio_95.wav,2.7654591617589137
audio_68.wav,3.9821081129971647
audio_31.wav,3.7058533701364134
audio_157.wav,3.349973323530932
audio_89.wav,4.263818299857266
audio_82.wav,4.031571549805828
audio_53.wav,2.9266545738210517
audio_37.wav,4.167127212992502
audio_113.wav,2.700425235795391
audio_85.wav,4.731037020789535
audio_173.wav,4.504442668677796
audio_41.wav,3.895214690612142
audio_51.wav,2.473334803258662
audio_143.wav,3.945436171173621
audio_92.wav,3.3896754928469774
audio_74.wav,4.601078337788384
audio_0.wav,3.8718451318851157
audio_147.wav,3.1843843775805265
audio_130.wav,2.532372624123598
audio_192.wav,3.0511958022894943
audio_43.wav,5.0
audio_65.wav,2.3977889546483255
audio_14.wav,3.094169543614482
audio_117.wav,4.095159065042629
audio_212.wav,2.7981387615811624
audio_79.wav,3.4913610407477695
audio_171.wav,2.6725859930357005
audio_60.wav,2.618399302321692
audio_153.wav,3.5363602617678507
audio_176.wav,3.512818910676083
audio_2.wav,3.0391346897741163
audio_50.wav,4.886813035922944
audio_29.wav,2.5098112416377716
audio_142.wav,3.7949365435027826
audio_47.wav,3.2093993532437115
audio_84.wav,4.593081665127576
audio_164.wav,2.739934931976877
audio_48.wav,4.569656968202591
audio_189.wav,3.121414151889894
audio_151.wav,3.8351600216513653
audio_66.wav,2.243242304063313
audio_44.wav,3.112810149365578
audio_150.wav,3.475156160803915
audio_87.wav,4.615559005773575
audio_99.wav,2.7794856184247023
audio_62.wav,3.4606313815184473
audio_20.wav,2.8182521131671625
audio_124.wav,3.613134035443314
audio_54.wav,2.6832354970058727
audio_45.wav,4.806521451437795
audio_71.wav,4.934454607177655
audio_184.wav,2.6110472856356792
audio_24.wav,2.019492217865673
audio_140.wav,3.740584362824811
audio_165.wav,3.3185367813440156
audio_170.wav,2.877615410704796
